geometry,proposer,budget,episodes,escapes,q_B,constant_hazard_epsilon,constant_hazard_q_B
structured,random,1,10000,261,0.0261,0.02473,0.02473000000000003
structured,random,2,10000,458,0.0458,0.02473,0.048848427100000036
structured,random,4,10000,1025,0.1025,0.02473,0.0953106853698561
structured,random,8,10000,1915,0.1915,0.02473,0.18153724399404048
structured,random,16,10000,3367,0.3367,0.02473,0.33011871703112916
structured,random,32,10000,5547,0.5547,0.02473,0.5512590667279796
structured,random,64,10000,8008,0.8008,0.02473,0.7986315748061562
structured,random,128,10000,9637,0.9637,0.02473,0.9594507573349513
structured,random,256,10000,9989,0.9989,0.02473,0.998355758919291
structured,nonadaptive,1,10000,278,0.0278,0.02473,0.02473000000000003
structured,nonadaptive,2,10000,486,0.0486,0.02473,0.048848427100000036
structured,nonadaptive,4,10000,1000,0.1,0.02473,0.0953106853698561
structured,nonadaptive,8,10000,1861,0.1861,0.02473,0.18153724399404048
structured,nonadaptive,16,10000,3384,0.3384,0.02473,0.33011871703112916
structured,nonadaptive,32,10000,5655,0.5655,0.02473,0.5512590667279796
structured,nonadaptive,64,10000,8081,0.8081,0.02473,0.7986315748061562
structured,nonadaptive,128,10000,9634,0.9634,0.02473,0.9594507573349513
structured,nonadaptive,256,10000,9985,0.9985,0.02473,0.998355758919291
structured,binary,1,10000,245,0.0245,0.02473,0.02473000000000003
structured,binary,2,10000,461,0.0461,0.02473,0.048848427100000036
structured,binary,4,10000,937,0.0937,0.02473,0.0953106853698561
structured,binary,8,10000,1931,0.1931,0.02473,0.18153724399404048
structured,binary,16,10000,3688,0.3688,0.02473,0.33011871703112916
structured,binary,32,10000,5025,0.5025,0.02473,0.5512590667279796
structured,binary,64,10000,5876,0.5876,0.02473,0.7986315748061562
structured,binary,128,10000,6732,0.6732,0.02473,0.9594507573349513
structured,binary,256,10000,7852,0.7852,0.02473,0.998355758919291
structured,score,1,10000,258,0.0258,0.02473,0.02473000000000003
structured,score,2,10000,564,0.0564,0.02473,0.048848427100000036
structured,score,4,10000,1223,0.1223,0.02473,0.0953106853698561
structured,score,8,10000,2637,0.2637,0.02473,0.18153724399404048
structured,score,16,10000,4086,0.4086,0.02473,0.33011871703112916
structured,score,32,10000,4992,0.4992,0.02473,0.5512590667279796
structured,score,64,10000,5546,0.5546,0.02473,0.7986315748061562
structured,score,128,10000,6457,0.6457,0.02473,0.9594507573349513
structured,score,256,10000,7533,0.7533,0.02473,0.998355758919291
unstructured,random,1,10000,247,0.0247,0.02563,0.02563000000000004
unstructured,random,2,10000,483,0.0483,0.02563,0.050603103100000046
unstructured,random,4,10000,971,0.0971,0.02563,0.09864553215665095
unstructured,random,8,10000,1881,0.1881,0.02563,0.18756012329883298
unstructured,random,16,10000,3456,0.3456,0.02563,0.3399414467457925
unstructured,random,32,10000,5565,0.5565,0.02563,0.5643227062759626
unstructured,random,64,10000,8136,0.8136,0.02563,0.8101852957332989
unstructured,random,128,10000,9643,0.9643,0.02563,0.9639703780441448
unstructured,random,256,10000,9979,0.9979,0.02563,0.9987018663417182
unstructured,nonadaptive,1,10000,228,0.0228,0.02563,0.02563000000000004
unstructured,nonadaptive,2,10000,509,0.0509,0.02563,0.050603103100000046
unstructured,nonadaptive,4,10000,954,0.0954,0.02563,0.09864553215665095
unstructured,nonadaptive,8,10000,1862,0.1862,0.02563,0.18756012329883298
unstructured,nonadaptive,16,10000,3393,0.3393,0.02563,0.3399414467457925
unstructured,nonadaptive,32,10000,5501,0.5501,0.02563,0.5643227062759626
unstructured,nonadaptive,64,10000,8014,0.8014,0.02563,0.8101852957332989
unstructured,nonadaptive,128,10000,9616,0.9616,0.02563,0.9639703780441448
unstructured,nonadaptive,256,10000,9991,0.9991,0.02563,0.9987018663417182
unstructured,binary,1,10000,253,0.0253,0.02563,0.02563000000000004
unstructured,binary,2,10000,418,0.0418,0.02563,0.050603103100000046
unstructured,binary,4,10000,620,0.062,0.02563,0.09864553215665095
unstructured,binary,8,10000,1201,0.1201,0.02563,0.18756012329883298
unstructured,binary,16,10000,2656,0.2656,0.02563,0.3399414467457925
unstructured,binary,32,10000,5643,0.5643,0.02563,0.5643227062759626
unstructured,binary,64,10000,8539,0.8539,0.02563,0.8101852957332989
unstructured,binary,128,10000,9824,0.9824,0.02563,0.9639703780441448
unstructured,binary,256,10000,9996,0.9996,0.02563,0.9987018663417182
unstructured,score,1,10000,274,0.0274,0.02563,0.02563000000000004
unstructured,score,2,10000,499,0.0499,0.02563,0.050603103100000046
unstructured,score,4,10000,772,0.0772,0.02563,0.09864553215665095
unstructured,score,8,10000,1276,0.1276,0.02563,0.18756012329883298
unstructured,score,16,10000,2902,0.2902,0.02563,0.3399414467457925
unstructured,score,32,10000,5721,0.5721,0.02563,0.5643227062759626
unstructured,score,64,10000,8333,0.8333,0.02563,0.8101852957332989
unstructured,score,128,10000,9602,0.9602,0.02563,0.9639703780441448
unstructured,score,256,10000,9925,0.9925,0.02563,0.9987018663417182
