geometry,proposer,budget,q_adaptive,q_random,amplification
structured,binary,1,0.0245,0.0261,0.9386973180076628
structured,binary,2,0.0461,0.0458,1.0065502183406114
structured,binary,4,0.0937,0.1025,0.9141463414634148
structured,binary,8,0.1931,0.1915,1.008355091383812
structured,binary,16,0.3688,0.3367,1.0953370953370953
structured,binary,32,0.5025,0.5547,0.9058950784207679
structured,binary,64,0.5876,0.8008,0.7337662337662338
structured,binary,128,0.6732,0.9637,0.6985576424198402
structured,binary,256,0.7852,0.9989,0.7860646711382521
structured,score,1,0.0258,0.0261,0.9885057471264367
structured,score,2,0.0564,0.0458,1.2314410480349345
structured,score,4,0.1223,0.1025,1.1931707317073172
structured,score,8,0.2637,0.1915,1.377023498694517
structured,score,16,0.4086,0.3367,1.2135432135432136
structured,score,32,0.4992,0.5547,0.8999459167117361
structured,score,64,0.5546,0.8008,0.6925574425574426
structured,score,128,0.6457,0.9637,0.670021791013801
structured,score,256,0.7533,0.9989,0.7541295424967464
unstructured,binary,1,0.0253,0.0247,1.0242914979757085
unstructured,binary,2,0.0418,0.0483,0.8654244306418218
unstructured,binary,4,0.062,0.0971,0.6385169927909371
unstructured,binary,8,0.1201,0.1881,0.6384901648059543
unstructured,binary,16,0.2656,0.3456,0.7685185185185185
unstructured,binary,32,0.5643,0.5565,1.0140161725067387
unstructured,binary,64,0.8539,0.8136,1.0495329400196658
unstructured,binary,128,0.9824,0.9643,1.018770092294929
unstructured,binary,256,0.9996,0.9979,1.001703577512777
unstructured,score,1,0.0274,0.0247,1.1093117408906883
unstructured,score,2,0.0499,0.0483,1.0331262939958592
unstructured,score,4,0.0772,0.0971,0.7950566426364573
unstructured,score,8,0.1276,0.1881,0.6783625730994152
unstructured,score,16,0.2902,0.3456,0.8396990740740741
unstructured,score,32,0.5721,0.5565,1.0280323450134772
unstructured,score,64,0.8333,0.8136,1.0242133726647003
unstructured,score,128,0.9602,0.9643,0.9957482111376128
unstructured,score,256,0.9925,0.9979,0.9945886361358854
