geometry,proposer,budget,episodes,first_escapes,q_B
structured,random,1,10000,248,0.0248
structured,random,2,10000,494,0.0494
structured,random,4,10000,960,0.096
structured,random,8,10000,1839,0.1839
structured,random,16,10000,3326,0.3326
structured,random,32,10000,5579,0.5579
structured,random,64,10000,8020,0.802
structured,random,128,10000,9600,0.96
structured,random,256,10000,9989,0.9989
structured,nonadaptive,1,10000,0,0.0
structured,nonadaptive,2,10000,0,0.0
structured,nonadaptive,4,10000,0,0.0
structured,nonadaptive,8,10000,0,0.0
structured,nonadaptive,16,10000,0,0.0
structured,nonadaptive,32,10000,0,0.0
structured,nonadaptive,64,10000,6,0.0006
structured,nonadaptive,128,10000,9960,0.996
structured,nonadaptive,256,10000,9983,0.9983
structured,binary,1,10000,263,0.0263
structured,binary,2,10000,478,0.0478
structured,binary,4,10000,887,0.0887
structured,binary,8,10000,1943,0.1943
structured,binary,16,10000,3767,0.3767
structured,binary,32,10000,5086,0.5086
structured,binary,64,10000,5969,0.5969
structured,binary,128,10000,6909,0.6909
structured,binary,256,10000,7936,0.7936
structured,score,1,10000,252,0.0252
structured,score,2,10000,564,0.0564
structured,score,4,10000,1270,0.127
structured,score,8,10000,2600,0.26
structured,score,16,10000,4133,0.4133
structured,score,32,10000,4957,0.4957
structured,score,64,10000,5654,0.5654
structured,score,128,10000,6501,0.6501
structured,score,256,10000,7600,0.76
unstructured,random,1,10000,237,0.0237
unstructured,random,2,10000,494,0.0494
unstructured,random,4,10000,970,0.097
unstructured,random,8,10000,1831,0.1831
unstructured,random,16,10000,3383,0.3383
unstructured,random,32,10000,5532,0.5532
unstructured,random,64,10000,8018,0.8018
unstructured,random,128,10000,9628,0.9628
unstructured,random,256,10000,9986,0.9986
unstructured,nonadaptive,1,10000,440,0.044
unstructured,nonadaptive,2,10000,962,0.0962
unstructured,nonadaptive,4,10000,1889,0.1889
unstructured,nonadaptive,8,10000,3440,0.344
unstructured,nonadaptive,16,10000,5640,0.564
unstructured,nonadaptive,32,10000,8040,0.804
unstructured,nonadaptive,64,10000,9634,0.9634
unstructured,nonadaptive,128,10000,9988,0.9988
unstructured,nonadaptive,256,10000,9988,0.9988
unstructured,binary,1,10000,271,0.0271
unstructured,binary,2,10000,457,0.0457
unstructured,binary,4,10000,701,0.0701
unstructured,binary,8,10000,1222,0.1222
unstructured,binary,16,10000,2790,0.279
unstructured,binary,32,10000,5648,0.5648
unstructured,binary,64,10000,8553,0.8553
unstructured,binary,128,10000,9851,0.9851
unstructured,binary,256,10000,9998,0.9998
unstructured,score,1,10000,269,0.0269
unstructured,score,2,10000,444,0.0444
unstructured,score,4,10000,750,0.075
unstructured,score,8,10000,1407,0.1407
unstructured,score,16,10000,3011,0.3011
unstructured,score,32,10000,5742,0.5742
unstructured,score,64,10000,8334,0.8334
unstructured,score,128,10000,9610,0.961
unstructured,score,256,10000,9920,0.992
