geometry,proposer,invalid_query_horizon,q_invalid,baseline_epsilon,baseline_q_invalid
structured,random,1,0.05020000000000002,0.0497185364,0.04971853640000001
structured,random,2,0.09770000000000001,0.0497185364,0.09696513993824185
structured,random,4,0.18620000000000003,0.0497185364,0.18452804151324098
structured,random,8,0.34420000000000006,0.0497185364,0.3350054849217695
structured,random,16,0.5721000000000002,0.0497185364,0.5577822949158691
structured,random,32,0.8148000000000001,0.0497185364,0.8044435013101247
structured,random,64,0.9652000000000001,0.0497185364,0.9617576558201568
structured,random,128,0.9984691145833333,0.0497185364,0.9985375231116305
structured,nonadaptive,1,0.0,0.0497185364,0.04971853640000001
structured,nonadaptive,2,0.0,0.0497185364,0.09696513993824185
structured,nonadaptive,4,0.0,0.0497185364,0.18452804151324098
structured,nonadaptive,8,0.0,0.0497185364,0.3350054849217695
structured,nonadaptive,16,0.0,0.0497185364,0.5577822949158691
structured,nonadaptive,32,0.0,0.0497185364,0.8044435013101247
structured,nonadaptive,64,0.00039999999999995595,0.0497185364,0.9617576558201568
structured,nonadaptive,128,0.9962109784607652,0.0497185364,0.9985375231116305
structured,binary,1,0.11319999999999997,0.0497185364,0.04971853640000001
structured,binary,2,0.21139999999999992,0.0497185364,0.09696513993824185
structured,binary,4,0.3333999999999999,0.0497185364,0.18452804151324098
structured,binary,8,0.4361999999999999,0.0497185364,0.3350054849217695
structured,binary,16,0.5086999999999999,0.0497185364,0.5577822949158691
structured,binary,32,0.5773999999999999,0.0497185364,0.8044435013101247
structured,binary,64,0.6546000000000001,0.0497185364,0.9617576558201568
structured,binary,128,0.7543049301571584,0.0497185364,0.9985375231116305
structured,score,1,0.1059,0.0497185364,0.04971853640000001
structured,score,2,0.20750000000000002,0.0497185364,0.09696513993824185
structured,score,4,0.33620000000000005,0.0497185364,0.18452804151324098
structured,score,8,0.4335,0.0497185364,0.3350054849217695
structured,score,16,0.4902000000000001,0.0497185364,0.5577822949158691
structured,score,32,0.5408,0.0497185364,0.8044435013101247
structured,score,64,0.6101999999999999,0.0497185364,0.9617576558201568
structured,score,128,0.7055,0.0497185364,0.9985375231116305
unstructured,random,1,0.05400000000000005,0.0515279453,0.051527945300000044
unstructured,random,2,0.10060000000000002,0.0515279453,0.10040076145316024
unstructured,random,4,0.18969999999999998,0.0515279453,0.19072121000594622
unstructured,random,8,0.3465999999999999,0.0515279453,0.3450678400657602
unstructured,random,16,0.5751999999999999,0.0515279453,0.5710638658838713
unstructured,random,32,0.8109000000000001,0.0515279453,0.8160137928495104
unstructured,random,64,0.9646,0.0515279453,0.9661490755783771
unstructured,random,128,0.9989279411764705,0.0515279453,0.9988541149158016
unstructured,nonadaptive,1,0.04420000000000002,0.0515279453,0.051527945300000044
unstructured,nonadaptive,2,0.0937,0.0515279453,0.10040076145316024
unstructured,nonadaptive,4,0.1897000000000001,0.0515279453,0.19072121000594622
unstructured,nonadaptive,8,0.33940000000000015,0.0515279453,0.3450678400657602
unstructured,nonadaptive,16,0.5654000000000002,0.0515279453,0.5710638658838713
unstructured,nonadaptive,32,0.8052000000000001,0.0515279453,0.8160137928495104
unstructured,nonadaptive,64,0.9637,0.0515279453,0.9661490755783771
unstructured,nonadaptive,128,0.9982400234226321,0.0515279453,0.9988541149158016
unstructured,binary,1,0.05400000000000005,0.0515279453,0.051527945300000044
unstructured,binary,2,0.10750000000000004,0.0515279453,0.10040076145316024
unstructured,binary,4,0.1996,0.0515279453,0.19072121000594622
unstructured,binary,8,0.36050000000000015,0.0515279453,0.3450678400657602
unstructured,binary,16,0.5801000000000001,0.0515279453,0.5710638658838713
unstructured,binary,32,0.8199,0.0515279453,0.8160137928495104
unstructured,binary,64,0.967,0.0515279453,0.9661490755783771
unstructured,binary,128,0.9986,0.0515279453,0.9988541149158016
unstructured,score,1,0.05149999999999999,0.0515279453,0.051527945300000044
unstructured,score,2,0.10230000000000006,0.0515279453,0.10040076145316024
unstructured,score,4,0.18900000000000006,0.0515279453,0.19072121000594622
unstructured,score,8,0.33920000000000017,0.0515279453,0.3450678400657602
unstructured,score,16,0.5515000000000001,0.0515279453,0.5710638658838713
unstructured,score,32,0.7827,0.0515279453,0.8160137928495104
unstructured,score,64,0.9303,0.0515279453,0.9661490755783771
unstructured,score,128,0.9861,0.0515279453,0.9988541149158016
