geometry,proposer,budget,escapes,mean_escape_interaction,median_escape_interaction,mean_escape_invalid_query,median_escape_invalid_query
structured,random,1,224,1.0,1.0,1.0,1.0
structured,random,2,492,1.4796747967479675,1.0,1.2378048780487805,1.0
structured,random,4,897,2.4626532887402455,2,1.7112597547380155,2
structured,random,8,1825,4.407671232876712,4,2.6421917808219177,2
structured,random,16,3391,7.890002948982601,8,4.387201415511648,4
structured,random,32,5753,14.330436294107422,14,7.476620893446897,7
structured,random,64,8049,23.738228351347992,20,12.048701702074792,10
structured,random,128,9609,34.34342803621605,26,17.227078780310126,13
structured,random,256,9986,38.81013418786301,27.0,19.3959543360705,14.0
structured,nonadaptive,1,260,1.0,1.0,1.0,1.0
structured,nonadaptive,2,465,1.3763440860215055,1,1.3763440860215055,1
structured,nonadaptive,4,1033,2.2526621490803485,2,2.2526621490803485,2
structured,nonadaptive,8,1873,3.96583021890016,4,3.96583021890016,4
structured,nonadaptive,16,3403,7.36144578313253,7,7.36144578313253,7
structured,nonadaptive,32,5582,13.733428878538158,14.0,13.733428878538158,14.0
structured,nonadaptive,64,8054,26.305189967717904,26.0,26.305189967717904,26.0
structured,nonadaptive,128,9655,50.06193682030036,50,50.06193682030036,50
structured,nonadaptive,256,9988,94.22126551862235,94.0,94.22126551862235,94.0
structured,binary,1,237,1.0,1,1.0,1
structured,binary,2,475,1.4294736842105262,1,1.2463157894736843,1
structured,binary,4,901,2.4639289678135405,2,1.611542730299667,1
structured,binary,8,1905,4.578477690288714,5,2.0020997375328085,2
structured,binary,16,3672,8.247821350762527,8.0,2.8058278867102397,2.0
structured,binary,32,5014,12.02253689668927,11.0,4.286996410051855,3.0
structured,binary,64,5775,17.248311688311688,13,7.353246753246753,4
structured,binary,128,6662,27.1615130591414,15.0,13.477033923746623,4.0
structured,binary,256,7864,49.34295523906409,18.0,27.412512716174973,6.0
structured,score,1,267,1.0,1,1.0,1
structured,score,2,566,1.5653710247349824,2.0,1.2137809187279152,1.0
structured,score,4,1208,2.638245033112583,3.0,1.4966887417218544,1.0
structured,score,8,2589,4.611819235225956,5,2.0706836616454227,2
structured,score,16,4067,7.108925497910008,7,2.874846324071797,2
structured,score,32,4845,9.758926728586172,8,4.214447884416924,3
structured,score,64,5558,14.602734796689457,9.0,7.3411299028427495,3.0
structured,score,128,6543,25.303988995873453,11,14.70181873758215,4
structured,score,256,7617,49.28987790468688,14,31.71471708021531,6
unstructured,random,1,249,1.0,1,1.0,1
unstructured,random,2,518,1.4884169884169884,1.0,1.2432432432432432,1.0
unstructured,random,4,997,2.4744232698094284,3,1.720160481444333,2
unstructured,random,8,1851,4.238789843327931,4,2.571042679632631,2
unstructured,random,16,3434,7.913803145020385,8.0,4.34391380314502,4.0
unstructured,random,32,5628,14.239872068230277,13.0,7.454335465529495,7.0
unstructured,random,64,8130,24.29409594095941,21.0,12.306027060270603,10.0
unstructured,random,128,9633,34.633136094674555,25,17.396864943423648,13
unstructured,random,256,9987,38.75638329828777,27,19.381796335235805,14
unstructured,nonadaptive,1,260,1.0,1.0,1.0,1.0
unstructured,nonadaptive,2,455,1.2175824175824175,1,1.2175824175824175,1
unstructured,nonadaptive,4,981,1.7155963302752293,2,1.7155963302752293,2
unstructured,nonadaptive,8,1914,2.6901776384535006,3.0,2.6901776384535006,3.0
unstructured,nonadaptive,16,3351,4.502834974634437,4,4.502834974634437,4
unstructured,nonadaptive,32,5558,7.594818279956819,7.0,7.594818279956819,7.0
unstructured,nonadaptive,64,8101,12.37723737810147,11,12.37723737810147,11
unstructured,nonadaptive,128,9624,17.68755195344971,14.0,17.68755195344971,14.0
unstructured,nonadaptive,256,9981,19.713054804127843,14,19.713054804127843,14
unstructured,binary,1,259,1.0,1,1.0,1
unstructured,binary,2,418,1.3732057416267942,1.0,1.2942583732057416,1.0
unstructured,binary,4,634,2.1482649842271293,2.0,1.6545741324921135,1.0
unstructured,binary,8,1131,4.04686118479222,4,2.198054818744474,2
unstructured,binary,16,2763,8.928700687658342,9,3.8422005066956206,3
unstructured,binary,32,5671,16.566566743078823,17,7.303650149885382,6
unstructured,binary,64,8590,26.575552968568104,24.0,12.919557625145519,11.0
unstructured,binary,128,9844,34.28971962616822,28.0,17.57649329540837,13.0
unstructured,binary,256,9998,36.645729145829165,28.0,18.98619723944789,13.0
unstructured,score,1,239,1.0,1,1.0,1
unstructured,score,2,434,1.4147465437788018,1.0,1.2649769585253456,1.0
unstructured,score,4,751,2.2396804260985355,2,1.6178428761651131,1
unstructured,score,8,1409,4.272533711852377,4,2.2136266855926188,2
unstructured,score,16,2948,8.744572591587517,9.0,3.899932157394844,4.0
unstructured,score,32,5694,16.102739726027398,16.0,7.83508956796628,7.0
unstructured,score,64,8405,25.394051160023796,23,13.793099345627603,11
unstructured,score,128,9602,33.20381170589461,26.0,19.214538637783797,13.0
unstructured,score,256,9939,37.27226079082403,27,22.05664553778046,14
